~에 주신다면 감사하겠습니다 / ~에 대해 감사하겠습니다	I would be grateful if you could 동사원형 / I would be grateful for ~
~해주시면 감사하겠습니다	I would appreciate it / It would be appreciated if you could 동사원형
~에 관해 도움을 주셨으면 합니다	I was hoping you could help me with ~ / I would love your help with ~
~에 대해 안내해 주시면 대단히 감사하겠습니다	I would greatly appreciate your guidance/instructions on ~
~을 설명해 주실 수 있나요?	Would you mind clarifying ~?
~에 관하여 연락드립니다	I am contacting you regarding ~
저는 ~에 대한 저의 관심을 표현하기 위해 이메일을 쓰고 있습니다	I am writing to express my interest in ~
저는 ~을 요청드리기 위해 이메일을 쓰고 있습니다	I am writing to ask for / request ~
~에 대해 문의드리고 싶습니다	I would like to inquire/ask about ~
~인지 [~하는 게 맞는지] 확인해 주실 수 있나요?	Could you please confirm whether 주어 + 동사?
~을 알려 주실 수 있나요?	Could you please let me know ~?
~에 대해 조언해 주시겠어요 [알려 주시겠어요]?	Could you please advise ~?
저는 ~하기 때문에 ~에 매우 관심이 있습니다	I am very interested in ~ because 주어 + 동사
~의 진행 상황[현황]을 알려 주시기 바랍니다	Please provide me with the current status of ~
~이라고 통보받았습니다	I was notified that 주어 + 동사
저는 ~에 대한 몇 가지 우려를 전하기 위해 이메일을 쓰고 있습니다	I am writing to express some concerns about ~
~에 대한 긴급한 관심[주의]을 정중히 요청드립니다	I kindly request your urgent attention to ~
저는 ~에서 여러 차례 불편한 경험을 한 후 이메일을 쓰고 있습니다	I am writing to you after having had several negative experiences at ~
저는 ~을 신고하기 [알리기] 위해 이메일을 쓰고 있습니다	I am writing to report ~
저는 ~하는 중에 제가 겪었던 문제와 관련하여 이메일을 쓰고 있습니다	I am writing regarding an issue I encountered while ~
저는 ~으로 인해 ~할 수 없었습니다	I was unable to 동사원형 due to ~
~한 몇 가지 문제들을 겪었습니다	I ran into a couple of issues that 과거 동사
~는 ~을 겪고 있습니다	주어 has been experiencing ~
안타깝게도, ~하는 중에 A를 겪었습니다	Unfortunately, I encountered A while ~
저는 ~하다는 것을 알게 되었습니다 [알아차렸습니다]	I've noticed/realized that 주어 + 동사
~가 ~으로 인해 [~에 대해] 불만스러워하고 있습니다	주어 is becoming frustrated by/with ~
~는 A뿐 뿐만 아니라 B도 한다	주어 not only A but also B
A는 B가 ~하기 어렵게 만든다	A makes it difficult for B to 동사원형
~가 A가 ~하게 만들었습니다	주어 has caused A to 동사원형
~는 ~하기 때문에 우려됩니다	주어 is troubling because 주어 + 동사
~는 A에 큰 영향을 미칩니다	주어 significantly impacts A
~는 ~하는 데 도움이 될 수 있습니다 / ~는 ~하는 데 도움이 될 것입니다	주어 might help ~ / 주어 would help ~
가능한 한 가지 해결책은 ~하는 것입니다	One possible solution is to 동사원형
추가 문제를 방지하기 위해, ~할 것을 제안합니다	To prevent further issues/incidents, I suggest that 주어 + 동사
이 문제를 해결하기 위해, ~하는 것을 제안합니다	To address this issue, I suggest ~
저는 당신을 ~에 초대하기 위해 이메일을 쓰고 있습니다	I am writing to invite you to ~
당신을 ~에 초대하고 싶습니다 [~에 당신과 함께하길 바랍니다]	I would like to invite you to ~
당신이 ~에 저와 같이 가주시면 좋겠습니다	I'd love for you to join me at ~
당신이 함께하기를 정말 바랍니다	I really hope you can join us
~하려는 [~을 위한] 제 계획을 알려 드리게 되어 (매우) 기쁩니다	I'm excited to tell you about my plan to 동사원형 / for ~
~을 준비하고 있는데 당신이 참석해 주시면 정말 기쁠 것 같습니다	I'm organizing ~ and would be thrilled if you could attend
방금 ~에 대한 소식을 들었는데 당신이 관심이 있을 것 같다고 생각했습니다	I was just notified about ~ and thought you would be interested
~는 ~하는 것을 목표로 합니다	주어 aims to 동사원형
~는 ~을 포함한 다양한 활동들을 조직합니다	주어 organizes a range of activities, including ~
~는 단지 ~만이 아니라 ~이 될 것입니다	주어 wouldn't just be about ~
저는 ~할 계획입니다	I'm planning to 동사원형 / I plan to 동사원형
~에 시간 되시나요?	Would you be free ~?
~을 위해 A에서 만나는 건 어때요?	How about we meet at A for ~?
~는 ~에 개최될 예정입니다	주어 will be held on ~ / 주어 takes place ~
제가 ~할 수 있는지 ~까지 알려 주세요	Let me know by ~ so I can 동사원형
~는 우리가 ~할 수 있는 좋은 기회가 될 것입니다	주어 would be a wonderful chance for us to 동사원형
~하기 때문에 당신이 ~을 즐길 수 있을 거라고 생각해요	I think you'll enjoy ~ because 주어 + 동사
~하는 것이 정말 기대됩니다	Can't wait to 동사원형
~에 대해 감사를 표하고 싶었습니다	I wanted to express my appreciation for ~
~에 정말 감사합니다	Thank you very much for ~
(~에 대해) 감사의 마음을 전하고 싶었습니다 [표하고 싶었습니다]	I wanted to share/express my gratitude (for ~)
~에 진심으로 감사드립니다	I truly appreciate ~
~에 대해 다시 한번 감사드립니다	Thanks again for ~
시간을 내어 ~해 주셔서 감사합니다	Thank you for taking the time to 동사원형
~에 대해 아무리 감사드려도 부족합니다	I can't thank you enough for ~
~에 대해 얼마나 감사했는지 알려 드리고 싶었습니다	I wanted to let you know how much I appreciated ~
~는 저에게 정말 큰 의미가 있었고, 감사드리고 싶었습니다	주어 has meant a lot to me, and I wanted to thank you
~에 대해 정말 미안하고, 당신에게 만회하고 싶습니다	I'm so sorry about ~, and I would like to make it up to you
~에 대해 진심으로 사과드립니다	I sincerely apologize for ~
실수로 ~했고, ~하다는 것이 정말 미안합니다  I accidentally 과거 동사, and I feel absolutely terrible that 주어 + 동사
마지막 순간에 이렇게 해서 정말 죄송하지만, ~해야 합니다	I am so sorry to do this at the last minute, but I have to 동사원형
~하는 것을 정말 기대했지만, ~합니다	I was really looking forward to ~, but 주어 + 동사
정말 죄송하지만, ~에 관한 몇 가지 안 좋은 소식이 있습니다	I'm so sorry, but I have some bad news about ~
~하게 되어 정말 죄송하지만, ~합니다	I feel really awful having to 동사원형, but 주어 + 동사
~을 알려 드려게 되어 유감입니다	I regret to inform you that 주어 + 동사
~으로 인해 발생한 어떤 불편함에 대해서도 사과드립니다	I apologize for any inconvenience caused by ~
유감스럽게도 저는 ~할 수 없을 것 같습니다	I'm afraid I won't be able to 동사원형
~할 수 있으면 좋겠지만, 안타깝게도, ~합니다	I wish I could 동사원형, but unfortunately, 주어 + 동사
안타깝게도, ~으로 인해 현재로서는 A를 거절해야 할 것 같습니다	Unfortunately, I have to decline A at this time due to ~
~하는 것은 부담스럽지만, 대신 ~이라면 기꺼이 하겠습니다	I'm not comfortable with ~, though I'd be happy to 동사원형
~으로 일정을 바꿀 수 있을까요?	Could we reschedule for ~?
만약 그것이 당신에게 괜찮다면 ~할 수도 있을 것 같아요	Perhaps we could 동사원형 if that works for you
저에게 가장 힘든 부분은 ~이었습니다	The hardest part for me was ~
A의 가장 좋은 점 중 하나는 ~입니다	One of the best things about A is ~
제가 가장 좋아했던 것은 ~이었습니다	What I liked most was ~ / The best part for me was ~
저에게 가장 인상 깊었던 것은 ~이었습니다	What impressed me most was ~
~는 잊을 수 없었습니다	주어 was unforgettable
저는 특히 ~이 마음에 들었습니다	I especially liked ~
저는 ~을 정말 [특히] 즐겼습니다	I've really/especially enjoyed ~
~는 ~하는 훌륭한 방법이었습니다	주어 has been a great way to 동사원형
A는 B에게는 조금 과하게 ~하다고 느껴졌어요	I found A a bit too 형용사 for B
~을 듣게 되어 (매우) 기쁩니다	I'm (so) excited to hear that 주어 + 동사
~하려고 (시도)했지만, ~했습니다	I tried/attempted to 동사원형, but 주어 + 동사
~을 해보는 것을 추천합니다	I recommend trying ~
~을 고려해 보세요	You might want to consider ~
최근에 ~을 발견했는데[~을 알게 되었는데], 당신과 공유하고 싶었습니다	I recently discovered/came across ~, and I wanted to share it with you
~에 대해 몇 가지 제안을 하고 싶습니다	I would like to make some suggestions for ~
~할 때 ~하는 것을 제안합니다	I suggest ~ when 주어 + 동사
~을 기꺼이 추천해 드리고 싶습니다	I'd love to recommend ~ / I'd be happy to recommend ~
~하기에 완벽한 환경이라고 생각합니다	I believe it would be the perfect environment to 동사원형
~하니, A가 이상적입니다	Since 주어 + 동사, A is ideal
저는 A가 ~에 좋은 [딱 맞는] 선택이라고 생각합니다	I think A would be a great choice / a perfect fit for ~
A가 당신의 취향에 딱 맞을 거라고 확신합니다	I'm sure A totally suits your taste
~하기 가장 좋은 시간[시기]는 ~입니다	The best time to 동사원형 is ~
시작하는 가장 좋은 방법은 ~하는 것입니다	The best way to start is by ~
~을 꼭 경험해봐/꼭 해보세요	Make/Be sure to check out ~
~에 대해 알려 드리고자 합니다	I wanted to follow up on ~
~에 대해 몇 가지 피드백을 드리고 싶었습니다 [공유하고 싶었습니다]	I wanted to offer/share some feedback on ~
저는 ~에 대한 피드백을 드리기 위해 이메일을 쓰고 있습니다	I'm writing to provide feedback on ~
~는 ~을 훨씬 더 좋아지게 만들 수 있습니다	주어 could make ~ even stronger
한 가지 강화해야 할 부분은 ~입니다	One area to strengthen is ~
한 가지 개선해 보면 좋을 부분은 ~입니다	One thing you might consider improving is ~
A가 ~한 이유는 ~하기 때문입니다	What makes A so 형용사 is that 주어 + 동사
~하는 것이 유익할 [도움이 될] 수도 있습니다	It might be beneficial/helpful to 동사원형
저는 ~하는 게 더 나을 것 같다고 생각합니다	I think it would be better to 동사원형
앞으로는[다음번에는], ~해 보세요	In the future / Next time, you can try to 동사원형
약간의 ~만 있다면, ~할 것이라고 확신합니다	With a bit of ~, I'm confident that 주어 + 동사